,epic,m,m_err+,m_err-,pl,p,r,r_err,st_mass,kepmag,semi_amp
5,201132684,5.802092765953521,2.8395107832896773,2.812623253652269,c,5.90891,1.83,0.39,0.903,11.678,2.1940917355443252
6,201164625,7.075851623707726,3.9884841933797475,4.013848219389695,b,2.71144,2.14,0.72,1.290089323861778,11.919,2.7348326356668484
18,201437844,7.83767013987945,2.540586274599975,2.504050945221425,c,9.552621,2.32,0.24,1.202,9.234,2.0869280509207124
19,201595106,5.413127007270544,2.8362679542579965,2.8527169967178576,b,0.877129,1.74,0.39,1.0199950523699592,11.678,3.5644598585364635
23,228721452,6.19430256616297,2.8438915396774265,2.828272312144331,b,4.563294,1.92,0.39,1.189,11.325,2.1252522826975593
26,228725972,6.832028518851386,2.894949975938534,2.900211867648293,b,8.958003,2.07,0.41,1.012,12.482,2.084441525582801
28,228732031,5.4803759245600805,2.3463470574472503,2.264706474049526,b,0.369323,1.74,0.13,0.8560424359362706,11.937,5.41139365131106
41,228801451,6.864333212240055,2.827023999850649,2.8249287734165174,c,8.327652,2.08,0.39,0.8822335873383766,10.955,2.351427912118952
42,228804845,5.714297605853121,2.4927231532926264,2.4480051186271394,b,2.859918,1.8,0.25,1.0863260189208233,12.550999999999998,2.4331578943041063
